{"cameraMode":{"drawMode":0,"name":"Shaded","section":"Shading Mode"},"sceneLighting":true,"audioPlay":false,"sceneViewState":{"showFog":false,"showMaterialUpdate":false,"showSkybox":false,"showFlares":false,"showImageEffects":false,"showParticleSystems":false},"in2DMode":false,"pivot":{"x":-29.21921730041504,"y":2.9618875980377199,"z":11.748894691467286},"rotation":{"x":0.04005031660199165,"y":-0.7429030537605286,"z":0.044628459960222247,"w":0.6667100787162781},"size":10.450309753417969,"orthographic":false}