{"cameraMode":{"drawMode":0,"name":"Shaded","section":"Shading Mode"},"sceneLighting":false,"audioPlay":false,"sceneViewState":{"showFog":false,"showMaterialUpdate":false,"showSkybox":false,"showFlares":false,"showImageEffects":false,"showParticleSystems":false},"in2DMode":false,"pivot":{"x":-12.331938743591309,"y":4.952095031738281,"z":19.9541015625},"rotation":{"x":0.03449329361319542,"y":-0.0006015158141963184,"z":0.000020598197806975804,"w":0.9994049072265625},"size":7.098502159118652,"orthographic":false}